,Index,Price
0,0,11400.773222288783
1,1,10855.95863684066
2,2,11269.111902994406
3,3,12210.467794687636
4,4,16281.776338945183
5,5,11269.111902994406
6,6,11154.915977135235
7,7,9668.782435927107
8,8,9585.34043669892
9,9,9668.782435927107
10,10,14666.140852339671
11,11,12210.467794687636
12,12,12210.467794687636
13,13,11841.865185519753
14,14,11269.111902994406
15,15,11472.881540916347
16,16,12210.467794687636
17,17,9668.782435927107
18,18,11269.111902994406
19,19,11472.881540916347
20,20,11642.104626779976
21,21,9042.761966576822
22,22,11472.881540916347
23,23,15718.984164373282
24,24,10813.729971182907
25,25,11269.111902994406
26,26,9585.34043669892
27,27,11269.111902994406
28,28,11269.111902994406
29,29,12210.467794687636
30,30,16883.163790726154
31,31,11642.104626779976
32,32,15718.984164373282
33,33,11500.679179567425
34,34,10368.648541373655
35,35,11500.679179567425
36,36,10368.648541373655
37,37,11841.865185519753
38,38,9042.761966576822
39,39,12210.467794687636
40,40,9585.34043669892
41,41,11642.104626779976
42,42,10301.429048197948
43,43,11742.926770527443
44,44,9042.761966576822
45,45,12368.070395497896
46,46,11269.111902994406
47,47,11236.909677217258
48,48,9042.761966576822
49,49,12210.467794687636
50,50,15015.60365067824
51,51,9668.782435927107
52,52,9042.761966576822
53,53,11841.865185519753
54,54,12368.070395497896
55,55,11500.679179567425
56,56,12210.467794687636
57,57,11841.865185519753
58,58,12210.467794687636
59,59,9042.761966576822
60,60,12210.467794687636
61,61,15139.955719872709
62,62,12210.467794687636
63,63,18009.24965198202
64,64,11758.423186291562
65,65,11500.679179567425
66,66,12210.467794687636
67,67,12210.467794687636
68,68,12051.610097630803
69,69,12210.467794687636
70,70,10368.648541373655
71,71,11269.111902994406
72,72,16224.906299160195
73,73,18009.24965198202
74,74,10368.648541373655
75,75,11500.679179567425
76,76,11500.679179567425
77,77,18486.008532536984
78,78,12127.025795459449
79,79,9042.761966576822
80,80,11980.838957363536
81,81,9042.761966576822
82,82,11744.566735126307
83,83,17555.199011940233
84,84,11642.104626779976
85,85,11642.104626779976
86,86,12368.070395497896
87,87,12210.467794687636
88,88,9585.34043669892
89,89,9042.761966576822
90,90,9042.761966576822
91,91,9042.761966576822
92,92,12210.467794687636
93,93,11742.926770527443
94,94,11236.909677217258
95,95,11236.909677217258
96,96,11269.111902994406
97,97,12210.467794687636
98,98,10368.648541373655
99,99,15753.111540368902
100,100,12210.467794687636
101,101,12210.467794687636
102,102,11642.104626779976
103,103,12210.467794687636
104,104,9585.34043669892
105,105,9042.761966576822
106,106,10368.648541373655
107,107,12408.201248279807
108,108,15718.984164373282
109,109,12210.467794687636
110,110,12210.467794687636
111,111,11642.104626779976
112,112,9585.34043669892
113,113,9668.782435927107
114,114,9668.782435927107
115,115,15139.955719872709
116,116,11841.865185519753
117,117,11642.104626779976
118,118,14666.140852339671
119,119,12210.467794687636
120,120,15015.60365067824
121,121,11472.881540916347
122,122,9585.34043669892
123,123,11500.679179567425
124,124,9668.782435927107
125,125,11269.111902994406
126,126,9585.34043669892
127,127,11500.679179567425
128,128,12210.467794687636
129,129,11500.679179567425
130,130,11269.111902994406
131,131,12210.467794687636
132,132,11269.111902994406
133,133,9585.34043669892
134,134,10813.729971182907
135,135,9668.782435927107
136,136,18486.008532536984
137,137,11500.679179567425
138,138,11500.679179567425
139,139,10785.93233253183
140,140,11758.423186291562
141,141,9042.761966576822
142,142,12210.467794687636
143,143,9668.782435927107
144,144,11758.423186291562
145,145,11742.926770527443
146,146,12051.610097630803
147,147,11729.764672570382
148,148,9042.761966576822
149,149,11742.926770527443
150,150,9668.782435927107
151,151,12210.467794687636
152,152,12210.467794687636
153,153,11500.679179567425
154,154,9585.34043669892
155,155,12051.610097630803
156,156,9585.34043669892
157,157,11500.679179567425
158,158,9042.761966576822
159,159,10368.648541373655
160,160,11500.679179567425
161,161,12210.467794687636
162,162,11500.679179567425
163,163,9119.43937713759
164,164,11500.679179567425
165,165,10813.729971182907
166,166,15139.955719872709
167,167,9504.033208994011
168,168,9668.782435927107
169,169,12368.070395497896
170,170,15139.955719872709
171,171,15718.984164373282
172,172,12324.759249051616
173,173,11606.796947260047
174,174,13874.647388552625
175,175,9585.34043669892
176,176,9668.782435927107
177,177,12397.707056102
178,178,11642.104626779976
179,179,9042.761966576822
180,180,11813.206671798569
181,181,10368.648541373655
182,182,9504.033208994011
183,183,11841.865185519753
184,184,12210.467794687636
185,185,11612.218215189361
186,186,9042.761966576822
187,187,11642.104626779976
188,188,18009.24965198202
189,189,9504.033208994011
190,190,12210.467794687636
191,191,11525.561647729526
192,192,10368.648541373655
193,193,12210.467794687636
194,194,15139.955719872709
195,195,12368.070395497896
196,196,15015.60365067824
197,197,12684.282662220674
198,198,11500.679179567425
199,199,11813.206671798569
200,200,11269.111902994406
201,201,12210.467794687636
202,202,11187.186202448283
203,203,12368.070395497896
204,204,12210.467794687636
205,205,11500.679179567425
206,206,11269.111902994406
207,207,14666.140852339671
208,208,15718.984164373282
209,209,9042.761966576822
210,210,12600.840662992487
211,211,12397.707056102
212,212,9042.761966576822
213,213,12210.467794687636
214,214,15155.941673227673
215,215,9042.761966576822
216,216,9668.782435927107
217,217,15139.955719872709
218,218,14666.140852339671
219,219,11525.561647729526
220,220,16545.736441792425
221,221,11642.104626779976
222,222,11642.104626779976
223,223,12368.070395497896
224,224,9585.34043669892
225,225,15139.955719872709
226,226,9585.34043669892
227,227,10368.648541373655
228,228,12210.467794687636
229,229,9042.761966576822
230,230,15587.639810454795
231,231,9042.761966576822
232,232,10368.648541373655
233,233,11472.881540916347
234,234,11373.106925729495
235,235,11841.865185519753
236,236,15155.941673227673
237,237,9504.033208994011
238,238,12210.467794687636
239,239,11187.186202448283
240,240,9042.761966576822
241,241,12210.467794687636
242,242,14355.118453496407
243,243,11500.679179567425
244,244,15155.941673227673
245,245,14009.179085119213
246,246,15753.111540368902
247,247,11500.679179567425
248,248,12210.467794687636
249,249,11642.104626779976
250,250,14666.140852339671
251,251,15611.750478664
252,252,12684.282662220674
253,253,12210.467794687636
254,254,12210.467794687636
255,255,14666.140852339671
256,256,12210.467794687636
257,257,12600.840662992487
258,258,14009.179085119213
259,259,9668.782435927107
260,260,15015.60365067824
261,261,10368.648541373655
262,262,11500.679179567425
263,263,9668.782435927107
264,264,11500.679179567425
265,265,11389.43954168816
266,266,14009.179085119213
267,267,12051.610097630803
268,268,9668.782435927107
269,269,12210.467794687636
270,270,12210.467794687636
271,271,18486.008532536984
272,272,11500.679179567425
273,273,18009.24965198202
274,274,9668.782435927107
275,275,11500.679179567425
276,276,11813.825144639783
277,277,9042.761966576822
278,278,9668.782435927107
279,279,10971.295174511026
280,280,12210.467794687636
281,281,11269.111902994406
282,282,11742.926770527443
283,283,9042.761966576822
284,284,14355.118453496407
285,285,9585.34043669892
286,286,11758.423186291562
287,287,11742.926770527443
288,288,12210.467794687636
289,289,12210.467794687636
290,290,11269.111902994406
291,291,13874.647388552625
292,292,15139.955719872709
293,293,9668.782435927107
294,294,14666.140852339671
295,295,12451.512394726084
296,296,9668.782435927107
297,297,15015.60365067824
298,298,9042.761966576822
299,299,13874.647388552625
300,300,9668.782435927107
301,301,11500.679179567425
302,302,12368.070395497896
303,303,11642.104626779976
304,304,11472.881540916347
305,305,11642.104626779976
306,306,9042.761966576822
307,307,10368.648541373655
308,308,12210.467794687636
309,309,9668.782435927107
310,310,11500.679179567425
311,311,11813.206671798569
312,312,15015.60365067824
313,313,9668.782435927107
314,314,11236.909677217258
315,315,15139.955719872709
316,316,12210.467794687636
317,317,9668.782435927107
318,318,11269.111902994406
319,319,9195.310077222335
320,320,10785.93233253183
321,321,11500.679179567425
322,322,10785.93233253183
323,323,12210.467794687636
324,324,14355.118453496407
325,325,12368.070395497896
326,326,11269.111902994406
327,327,9042.761966576822
328,328,17276.842512071158
329,329,15139.955719872709
330,330,11500.679179567425
331,331,10813.729971182907
332,332,10368.648541373655
333,333,11758.423186291562
334,334,11642.104626779976
335,335,11500.679179567425
336,336,12210.467794687636
337,337,9042.761966576822
338,338,18949.70310193152
339,339,15139.955719872709
340,340,10713.551167786885
341,341,15015.60365067824
342,342,12210.467794687636
343,343,11236.909677217258
344,344,15015.60365067824
345,345,9585.34043669892
346,346,9042.761966576822
347,347,9668.782435927107
348,348,9042.761966576822
349,349,12049.133423399862
350,350,14666.140852339671
351,351,9668.782435927107
352,352,12210.467794687636
353,353,11642.104626779976
354,354,9042.761966576822
355,355,12210.467794687636
356,356,11841.865185519753
357,357,11472.881540916347
358,358,12210.467794687636
359,359,12684.282662220674
360,360,9585.34043669892
361,361,12210.467794687636
362,362,10368.648541373655
363,363,9668.782435927107
364,364,9042.761966576822
365,365,12210.467794687636
366,366,10368.648541373655
367,367,11154.915977135235
368,368,11500.679179567425
369,369,11472.881540916347
370,370,11373.106925729495
371,371,11269.111902994406
372,372,11500.679179567425
373,373,17555.199011940233
374,374,11472.881540916347
375,375,9668.782435927107
376,376,12210.467794687636
377,377,9042.761966576822
378,378,12210.467794687636
379,379,9668.782435927107
380,380,11269.111902994406
381,381,9668.782435927107
382,382,11642.104626779976
383,383,11758.423186291562
384,384,11744.566735126307
385,385,12210.467794687636
386,386,10368.648541373655
387,387,9585.34043669892
388,388,9585.34043669892
389,389,11841.865185519753
390,390,14009.179085119213
391,391,12210.467794687636
392,392,11980.838957363536
393,393,11758.423186291562
394,394,11269.111902994406
395,395,12210.467794687636
396,396,8576.860907015496
397,397,11758.423186291562
398,398,11472.881540916347
399,399,11500.679179567425
400,400,9042.761966576822
401,401,16545.736441792425
402,402,9042.761966576822
403,403,16883.163790726154
404,404,12210.467794687636
405,405,14666.140852339671
406,406,9585.34043669892
407,407,12210.467794687636
408,408,11642.104626779976
409,409,9042.761966576822
410,410,12210.467794687636
411,411,9504.033208994011
412,412,9042.761966576822
413,413,11951.863671355617
414,414,14666.140852339671
415,415,11500.679179567425
416,416,15139.955719872709
417,417,14666.140852339671
418,418,11472.881540916347
419,419,11841.865185519753
420,420,12210.467794687636
421,421,9668.782435927107
422,422,12210.467794687636
423,423,17498.362650086816
424,424,11269.111902994406
425,425,10368.648541373655
426,426,11500.679179567425
427,427,9585.34043669892
428,428,12210.467794687636
429,429,9042.761966576822
430,430,12408.201248279807
431,431,11269.111902994406
432,432,10368.648541373655
433,433,12368.070395497896
434,434,9585.34043669892
435,435,9042.761966576822
436,436,9668.782435927107
437,437,11269.111902994406
438,438,11269.111902994406
439,439,12210.467794687636
440,440,11269.111902994406
441,441,10368.648541373655
442,442,9668.782435927107
443,443,12368.070395497896
444,444,12210.467794687636
445,445,12210.467794687636
446,446,14666.140852339671
447,447,9585.34043669892
448,448,12210.467794687636
449,449,12210.467794687636
450,450,12210.467794687636
451,451,9668.782435927107
452,452,17638.641011168424
453,453,9042.761966576822
454,454,11269.111902994406
455,455,12210.467794687636
456,456,16545.736441792425
457,457,9668.782435927107
458,458,12210.467794687636
459,459,9668.782435927107
460,460,14666.140852339671
461,461,15015.60365067824
462,462,9042.761966576822
463,463,15015.60365067824
464,464,12127.025795459449
465,465,14666.140852339671
466,466,11742.926770527443
467,467,12127.025795459449
468,468,11729.764672570382
469,469,11154.915977135235
470,470,9042.761966576822
471,471,9042.761966576822
472,472,12368.070395497896
473,473,12210.467794687636
474,474,12210.467794687636
475,475,12210.467794687636
476,476,9585.34043669892
477,477,9585.34043669892
478,478,9042.761966576822
479,479,9042.761966576822
480,480,12210.467794687636
481,481,11642.104626779976
482,482,11642.104626779976
483,483,11498.105901992487
484,484,16224.906299160195
485,485,15155.941673227673
486,486,9042.761966576822
487,487,12210.467794687636
488,488,12210.467794687636
489,489,9668.782435927107
490,490,12210.467794687636
491,491,15015.60365067824
492,492,12210.467794687636
493,493,11269.111902994406
494,494,12368.070395497896
495,495,12368.070395497896
496,496,14009.179085119213
497,497,14666.140852339671
498,498,11758.423186291562
499,499,9668.782435927107
500,500,12210.467794687636
501,501,14666.140852339671
502,502,11642.104626779976
503,503,15139.955719872709
504,504,12368.070395497896
505,505,9042.761966576822
506,506,12210.467794687636
507,507,11472.881540916347
508,508,17555.199011940233
509,509,11841.865185519753
510,510,14468.137021196366
511,511,12210.467794687636
512,512,11758.423186291562
513,513,10368.648541373655
514,514,12210.467794687636
515,515,15718.984164373282
516,516,15718.984164373282
517,517,12210.467794687636
518,518,9585.34043669892
519,519,9504.033208994011
520,520,12600.840662992487
521,521,12210.467794687636
522,522,11758.423186291562
523,523,12210.467794687636
524,524,14666.140852339671
525,525,9042.761966576822
526,526,10368.648541373655
527,527,15139.955719872709
528,528,11500.679179567425
529,529,10301.429048197948
530,530,12210.467794687636
531,531,12049.133423399862
532,532,12210.467794687636
533,533,14666.140852339671
534,534,11500.679179567425
535,535,11269.111902994406
536,536,9668.782435927107
537,537,9042.761966576822
538,538,16545.736441792425
539,539,16249.644656367947
540,540,10813.729971182907
541,541,12368.070395497896
542,542,17276.842512071158
543,543,10368.648541373655
544,544,11269.111902994406
545,545,12210.467794687636
546,546,11500.679179567425
547,547,12210.467794687636
548,548,9668.782435927107
549,549,11729.764672570382
550,550,10368.648541373655
551,551,12210.467794687636
552,552,11730.383145411595
553,553,9668.782435927107
554,554,15015.60365067824
555,555,7955.59119323797
556,556,10368.648541373655
557,557,10368.648541373655
558,558,11500.679179567425
559,559,12051.610097630803
560,560,11269.111902994406
561,561,11742.926770527443
562,562,12210.467794687636
563,563,15015.60365067824
564,564,12600.840662992487
565,565,14468.137021196366
566,566,14666.140852339671
567,567,11500.679179567425
568,568,11642.104626779976
569,569,11500.679179567425
570,570,12210.467794687636
571,571,12210.467794687636
572,572,11742.926770527443
573,573,11841.865185519753
574,574,9042.761966576822
575,575,11472.881540916347
576,576,16192.79903190632
577,577,9042.761966576822
578,578,9668.782435927107
579,579,11841.865185519753
580,580,11758.423186291562
581,581,12210.467794687636
582,582,9668.782435927107
583,583,12210.467794687636
584,584,12210.467794687636
585,585,11841.865185519753
586,586,11642.104626779976
587,587,10368.648541373655
588,588,12253.98810878435
589,589,11500.679179567425
590,590,12127.025795459449
591,591,12210.467794687636
592,592,10368.648541373655
593,593,12210.467794687636
594,594,14468.137021196366
595,595,18009.24965198202
596,596,11269.111902994406
597,597,11642.104626779976
598,598,9668.782435927107
599,599,11744.566735126307
600,600,9042.761966576822
601,601,12684.282662220674
602,602,12210.467794687636
603,603,11500.679179567425
604,604,12368.070395497896
605,605,11642.104626779976
606,606,11154.915977135235
607,607,9668.782435927107
608,608,12210.467794687636
609,609,15139.955719872709
610,610,11187.186202448283
611,611,12210.467794687636
612,612,11269.111902994406
613,613,9042.761966576822
614,614,10368.648541373655
615,615,9668.782435927107
616,616,10813.729971182907
617,617,10368.648541373655
618,618,9042.761966576822
619,619,9042.761966576822
620,620,11642.104626779976
621,621,12210.467794687636
622,622,12210.467794687636
623,623,12210.467794687636
624,624,11841.865185519753
625,625,12210.467794687636
626,626,9042.761966576822
627,627,10368.648541373655
628,628,9042.761966576822
629,629,10368.648541373655
630,630,9585.34043669892
631,631,9668.782435927107
632,632,12210.467794687636
633,633,11269.111902994406
634,634,9042.761966576822
635,635,15587.639810454795
636,636,9585.34043669892
637,637,11841.865185519753
638,638,12210.467794687636
639,639,12600.840662992487
640,640,12210.467794687636
641,641,12210.467794687636
642,642,11841.865185519753
643,643,9668.782435927107
644,644,11269.111902994406
645,645,12210.467794687636
646,646,12368.070395497896
647,647,11649.892026415084
648,648,12210.467794687636
649,649,11071.473977907044
650,650,9042.761966576822
651,651,11269.111902994406
652,652,12210.467794687636
653,653,7955.59119323797
654,654,17555.199011940233
655,655,13135.21494579266
656,656,11606.796947260047
657,657,12210.467794687636
658,658,9668.782435927107
659,659,9668.782435927107
660,660,9668.782435927107
661,661,9585.34043669892
662,662,12408.201248279807
663,663,12210.467794687636
664,664,14009.179085119213
665,665,10713.551167786885
666,666,11742.926770527443
667,667,12368.070395497896
668,668,18009.24965198202
669,669,10713.551167786885
670,670,14355.118453496407
671,671,10813.729971182907
672,672,12600.840662992487
673,673,15611.750478664
674,674,9042.761966576822
675,675,9042.761966576822
676,676,11758.423186291562
677,677,11472.881540916347
678,678,9504.033208994011
679,679,15139.955719872709
680,680,11813.206671798569
681,681,12210.467794687636
682,682,7955.59119323797
683,683,14009.179085119213
684,684,11500.679179567425
685,685,11642.104626779976
686,686,9232.983888448058
687,687,12210.467794687636
688,688,11841.865185519753
689,689,11642.104626779976
690,690,9585.34043669892
691,691,11269.111902994406
692,692,9585.34043669892
693,693,9585.34043669892
694,694,12210.467794687636
695,695,12210.467794687636
696,696,11742.926770527443
697,697,9042.761966576822
698,698,15139.955719872709
699,699,10813.729971182907
700,700,15753.111540368902
701,701,9668.782435927107
702,702,12210.467794687636
703,703,9042.761966576822
704,704,11642.104626779976
705,705,12684.282662220674
706,706,9042.761966576822
707,707,11187.186202448283
708,708,12127.025795459449
709,709,11472.881540916347
710,710,12210.467794687636
711,711,12051.610097630803
712,712,11269.111902994406
713,713,10368.648541373655
714,714,15718.984164373282
715,715,17555.199011940233
716,716,15139.955719872709
717,717,12604.100310039914
718,718,9668.782435927107
719,719,14666.140852339671
720,720,11841.865185519753
721,721,12210.467794687636
722,722,12210.467794687636
723,723,12210.467794687636
724,724,18486.008532536984
725,725,15611.750478664
726,726,11500.679179567425
727,727,12210.467794687636
728,728,12210.467794687636
729,729,12210.467794687636
730,730,11500.679179567425
731,731,9668.782435927107
732,732,12368.070395497896
733,733,12368.070395497896
734,734,15139.955719872709
735,735,11269.111902994406
736,736,12210.467794687636
737,737,12210.467794687636
738,738,9585.34043669892
739,739,12368.070395497896
740,740,9668.782435927107
741,741,15718.984164373282
742,742,9668.782435927107
743,743,9042.761966576822
744,744,11642.104626779976
745,745,12210.467794687636
746,746,12600.840662992487
747,747,12408.201248279807
748,748,15587.639810454795
749,749,16883.163790726154
750,750,13135.21494579266
751,751,12210.467794687636
752,752,11500.679179567425
753,753,14666.140852339671
754,754,12127.025795459449
755,755,12210.467794687636
756,756,9668.782435927107
757,757,11642.104626779976
758,758,12210.467794687636
759,759,11606.796947260047
760,760,11758.423186291562
761,761,12210.467794687636
762,762,11500.679179567425
763,763,10813.729971182907
764,764,12324.759249051616
765,765,15139.955719872709
766,766,15718.984164373282
767,767,10713.551167786885
768,768,14666.140852339671
769,769,11236.909677217258
770,770,12210.467794687636
771,771,11841.865185519753
772,772,16192.79903190632
773,773,11500.679179567425
774,774,9668.782435927107
775,775,16545.736441792425
776,776,12210.467794687636
777,777,12051.610097630803
778,778,9042.761966576822
779,779,11500.679179567425
780,780,12210.467794687636
781,781,11642.104626779976
782,782,9042.761966576822
783,783,11017.347910975273
784,784,14666.140852339671
785,785,11642.104626779976
786,786,15139.955719872709
787,787,14679.117774804465
788,788,15718.984164373282
789,789,9668.782435927107
790,790,11269.111902994406
791,791,11500.679179567425
792,792,10713.551167786885
793,793,14009.179085119213
794,794,14666.140852339671
795,795,12368.070395497896
796,796,9042.761966576822
797,797,11236.909677217258
798,798,12210.467794687636
799,799,11500.679179567425
800,800,11269.111902994406
801,801,12210.467794687636
802,802,9042.761966576822
803,803,9668.782435927107
804,804,12210.467794687636
805,805,9042.761966576822
806,806,11472.881540916347
807,807,12368.070395497896
808,808,12210.467794687636
809,809,12210.467794687636
810,810,12210.467794687636
811,811,9668.782435927107
812,812,12210.467794687636
813,813,11758.423186291562
814,814,12210.467794687636
815,815,12210.467794687636
816,816,10368.648541373655
817,817,17221.569293600503
818,818,9668.782435927107
819,819,15015.60365067824
820,820,12210.467794687636
821,821,12210.467794687636
822,822,18486.008532536984
823,823,12049.133423399862
824,824,11813.825144639783
825,825,12210.467794687636
826,826,9585.34043669892
827,827,11500.679179567425
828,828,11071.473977907044
829,829,15718.984164373282
830,830,9042.761966576822
831,831,11269.111902994406
832,832,11269.111902994406
833,833,15015.60365067824
834,834,9042.761966576822
835,835,12210.467794687636
836,836,11236.909677217258
837,837,15139.955719872709
838,838,12210.467794687636
839,839,9042.761966576822
840,840,11500.679179567425
841,841,9504.033208994011
842,842,11500.679179567425
843,843,11500.679179567425
844,844,15139.955719872709
845,845,11642.104626779976
846,846,12368.070395497896
847,847,11500.679179567425
848,848,11742.926770527443
849,849,10971.295174511026
850,850,12210.467794687636
851,851,12210.467794687636
852,852,12210.467794687636
853,853,10813.729971182907
854,854,9668.782435927107
855,855,11500.679179567425
856,856,15139.955719872709
857,857,9668.782435927107
858,858,9585.34043669892
859,859,11500.679179567425
860,860,11642.104626779976
861,861,9042.761966576822
862,862,15139.955719872709
863,863,11841.865185519753
864,864,11187.186202448283
865,865,12210.467794687636
866,866,12368.070395497896
867,867,12210.467794687636
868,868,9042.761966576822
869,869,11500.679179567425
870,870,18949.70310193152
871,871,11269.111902994406
872,872,12210.467794687636
873,873,15139.955719872709
874,874,12368.070395497896
875,875,14995.138609673393
876,876,9042.761966576822
877,877,14346.442147343916
878,878,9585.34043669892
879,879,12210.467794687636
880,880,9127.588004535703
881,881,10713.551167786885
882,882,11500.679179567425
883,883,11500.679179567425
884,884,14009.179085119213
885,885,11269.111902994406
886,886,10813.729971182907
887,887,12051.610097630803
888,888,15015.60365067824
889,889,9668.782435927107
890,890,11500.679179567425
891,891,9585.34043669892
892,892,11642.104626779976
893,893,9504.033208994011
894,894,11373.106925729495
895,895,11187.186202448283
896,896,11269.111902994406
897,897,12210.467794687636
898,898,11500.679179567425
899,899,15139.955719872709
900,900,11980.838957363536
901,901,11841.865185519753
902,902,11642.104626779976
903,903,14009.179085119213
904,904,9668.782435927107
905,905,11678.149563043356
906,906,12368.070395497896
907,907,11729.764672570382
908,908,11236.909677217258
909,909,11758.423186291562
910,910,15075.178512388622
911,911,11742.926770527443
912,912,12600.840662992487
913,913,9585.34043669892
914,914,11642.104626779976
915,915,12210.467794687636
916,916,12210.467794687636
917,917,12210.467794687636
918,918,12368.070395497896
919,919,11612.218215189361
920,920,11071.473977907044
921,921,9042.761966576822
922,922,17555.199011940233
923,923,11740.94317763676
924,924,12684.282662220674
925,925,15139.955719872709
926,926,9042.761966576822
927,927,11269.111902994406
928,928,12210.467794687636
929,929,14666.140852339671
930,930,12127.025795459449
931,931,9668.782435927107
932,932,12368.070395497896
933,933,11758.423186291562
934,934,16192.79903190632
935,935,11642.104626779976
936,936,11071.473977907044
937,937,9042.761966576822
938,938,12210.467794687636
939,939,9668.782435927107
940,940,12210.467794687636
941,941,11980.838957363536
942,942,12368.070395497896
943,943,12210.467794687636
944,944,12210.467794687636
945,945,9668.782435927107
946,946,11116.290390267346
947,947,11951.863671355617
948,948,15718.984164373282
949,949,11500.679179567425
950,950,13874.647388552625
951,951,12051.610097630803
952,952,11642.104626779976
953,953,9668.782435927107
954,954,11841.865185519753
955,955,11500.679179567425
956,956,8508.125527660397
957,957,11500.679179567425
958,958,12210.467794687636
959,959,12210.467794687636
960,960,9668.782435927107
961,961,12210.467794687636
962,962,10368.648541373655
963,963,12049.133423399862
964,964,11500.679179567425
965,965,9042.761966576822
966,966,16112.61667972556
967,967,11500.679179567425
968,968,14666.140852339671
969,969,11841.865185519753
970,970,11500.679179567425
971,971,12210.467794687636
972,972,9585.34043669892
973,973,11236.909677217258
974,974,18486.008532536984
975,975,12210.467794687636
976,976,10368.648541373655
977,977,14666.140852339671
978,978,11236.909677217258
979,979,9042.761966576822
980,980,9042.761966576822
981,981,9585.34043669892
982,982,11642.104626779976
983,983,11472.881540916347
984,984,9668.782435927107
985,985,11612.218215189361
986,986,16545.736441792425
987,987,15015.60365067824
988,988,9042.761966576822
989,989,11980.838957363536
990,990,11500.679179567425
991,991,17638.641011168424
992,992,12210.467794687636
993,993,12368.070395497896
994,994,12210.467794687636
995,995,12127.025795459449
996,996,10368.648541373655
997,997,11642.104626779976
998,998,11758.423186291562
999,999,12397.707056102
1000,1000,11500.679179567425
1001,1001,14666.140852339671
1002,1002,11373.106925729495
1003,1003,11744.566735126307
1004,1004,11472.881540916347
1005,1005,12210.467794687636
1006,1006,12210.467794687636
1007,1007,9668.782435927107
1008,1008,12210.467794687636
1009,1009,11729.764672570382
1010,1010,11500.679179567425
1011,1011,14666.140852339671
1012,1012,11742.926770527443
1013,1013,9042.761966576822
1014,1014,11841.865185519753
1015,1015,9042.761966576822
1016,1016,9042.761966576822
1017,1017,11678.149563043356
1018,1018,11500.679179567425
1019,1019,9042.761966576822
1020,1020,10368.648541373655
1021,1021,12051.610097630803
1022,1022,15139.955719872709
1023,1023,16192.79903190632
1024,1024,12210.467794687636
1025,1025,12210.467794687636
1026,1026,14679.117774804465
1027,1027,10301.429048197948
1028,1028,12127.025795459449
1029,1029,11500.679179567425
1030,1030,11681.121187113378
1031,1031,9042.761966576822
1032,1032,12210.467794687636
1033,1033,12210.467794687636
1034,1034,12210.467794687636
1035,1035,11269.111902994406
1036,1036,12210.467794687636
1037,1037,15139.955719872709
1038,1038,11500.679179567425
1039,1039,11269.111902994406
1040,1040,17555.199011940233
1041,1041,12210.467794687636
1042,1042,12210.467794687636
1043,1043,12210.467794687636
1044,1044,10971.295174511026
1045,1045,16883.163790726154
1046,1046,9585.34043669892
1047,1047,12210.467794687636
1048,1048,12210.467794687636
1049,1049,10368.648541373655
1050,1050,10813.729971182907
1051,1051,10368.648541373655
1052,1052,11730.383145411595
1053,1053,10301.429048197948
1054,1054,11642.104626779976
1055,1055,11500.679179567425
1056,1056,14009.179085119213
1057,1057,12210.467794687636
1058,1058,9042.761966576822
1059,1059,11758.423186291562
1060,1060,12127.025795459449
1061,1061,10368.648541373655
1062,1062,9668.782435927107
1063,1063,11642.104626779976
1064,1064,12210.467794687636
1065,1065,11500.679179567425
1066,1066,11758.423186291562
1067,1067,12210.467794687636
1068,1068,11642.104626779976
1069,1069,11116.290390267346
1070,1070,12210.467794687636
1071,1071,9042.761966576822
1072,1072,11642.104626779976
1073,1073,10368.648541373655
1074,1074,11642.104626779976
1075,1075,9042.761966576822
1076,1076,12210.467794687636
1077,1077,14666.140852339671
1078,1078,10368.648541373655
1079,1079,11269.111902994406
1080,1080,15155.941673227673
1081,1081,11500.679179567425
1082,1082,15718.984164373282
1083,1083,11269.111902994406
1084,1084,11500.679179567425
1085,1085,15753.111540368902
1086,1086,13874.647388552625
1087,1087,11269.111902994406
1088,1088,12397.707056102
1089,1089,9042.761966576822
1090,1090,14009.179085119213
1091,1091,15139.955719872709
1092,1092,9585.34043669892
1093,1093,8545.799338886123
1094,1094,9042.761966576822
1095,1095,11472.881540916347
1096,1096,11500.679179567425
1097,1097,12684.282662220674
1098,1098,12210.467794687636
1099,1099,17555.199011940233
1100,1100,12210.467794687636
1101,1101,15015.60365067824
1102,1102,11500.679179567425
1103,1103,9585.34043669892
1104,1104,12600.840662992487
1105,1105,9668.782435927107
1106,1106,11472.881540916347
1107,1107,11841.865185519753
1108,1108,18486.008532536984
1109,1109,10813.729971182907
1110,1110,11841.865185519753
1111,1111,11642.104626779976
1112,1112,9585.34043669892
1113,1113,12210.467794687636
1114,1114,11642.104626779976
1115,1115,12210.467794687636
1116,1116,11500.679179567425
1117,1117,11742.926770527443
1118,1118,12210.467794687636
1119,1119,11742.926770527443
1120,1120,14009.179085119213
1121,1121,9504.033208994011
1122,1122,11642.104626779976
1123,1123,10368.648541373655
1124,1124,11500.679179567425
1125,1125,12049.133423399862
1126,1126,9504.033208994011
1127,1127,9042.761966576822
1128,1128,10813.729971182907
1129,1129,11681.121187113378
1130,1130,18486.008532536984
1131,1131,11841.865185519753
1132,1132,12127.025795459449
1133,1133,12210.467794687636
1134,1134,12210.467794687636
1135,1135,12210.467794687636
1136,1136,11154.915977135235
1137,1137,12684.282662220674
1138,1138,12210.467794687636
1139,1139,11236.909677217258
1140,1140,10785.93233253183
1141,1141,12210.467794687636
1142,1142,10971.295174511026
1143,1143,11269.111902994406
1144,1144,11236.909677217258
1145,1145,11758.423186291562
1146,1146,10368.648541373655
1147,1147,10368.648541373655
1148,1148,11071.473977907044
1149,1149,12210.467794687636
1150,1150,9585.34043669892
1151,1151,9585.34043669892
1152,1152,9504.033208994011
1153,1153,9042.761966576822
1154,1154,9668.782435927107
1155,1155,10368.648541373655
1156,1156,9042.761966576822
1157,1157,10368.648541373655
1158,1158,9042.761966576822
1159,1159,10713.551167786885
1160,1160,12051.610097630803
1161,1161,9585.34043669892
1162,1162,9042.761966576822
1163,1163,11472.881540916347
1164,1164,11642.104626779976
1165,1165,11500.679179567425
1166,1166,12210.467794687636
1167,1167,11472.881540916347
1168,1168,11236.909677217258
1169,1169,12368.070395497896
1170,1170,11500.679179567425
1171,1171,9585.34043669892
1172,1172,14666.140852339671
1173,1173,12210.467794687636
1174,1174,11269.111902994406
1175,1175,15015.60365067824
1176,1176,11742.926770527443
1177,1177,12368.070395497896
1178,1178,12210.467794687636
1179,1179,11742.926770527443
1180,1180,11642.104626779976
1181,1181,9042.761966576822
1182,1182,14009.179085119213
1183,1183,11500.679179567425
1184,1184,11742.926770527443
1185,1185,15753.111540368902
1186,1186,9042.761966576822
1187,1187,12368.070395497896
1188,1188,12368.070395497896
1189,1189,10368.648541373655
1190,1190,15139.955719872709
1191,1191,15718.984164373282
1192,1192,9504.033208994011
1193,1193,12210.467794687636
1194,1194,12210.467794687636
1195,1195,12051.610097630803
1196,1196,12210.467794687636
1197,1197,9042.761966576822
1198,1198,9585.34043669892
1199,1199,10368.648541373655
1200,1200,11642.104626779976
1201,1201,9042.761966576822
1202,1202,11642.104626779976
1203,1203,12210.467794687636
1204,1204,12210.467794687636
1205,1205,9668.782435927107
1206,1206,9042.761966576822
1207,1207,9042.761966576822
1208,1208,11500.679179567425
1209,1209,12049.133423399862
1210,1210,11500.679179567425
1211,1211,9668.782435927107
1212,1212,11236.909677217258
1213,1213,9042.761966576822
1214,1214,15718.984164373282
1215,1215,11269.111902994406
1216,1216,11642.104626779976
1217,1217,7955.59119323797
1218,1218,12210.467794687636
1219,1219,12210.467794687636
1220,1220,12684.282662220674
1221,1221,12210.467794687636
1222,1222,9585.34043669892
1223,1223,12210.467794687636
1224,1224,12210.467794687636
1225,1225,11678.149563043356
1226,1226,11500.679179567425
1227,1227,12210.467794687636
1228,1228,12210.467794687636
1229,1229,12210.467794687636
1230,1230,11525.561647729526
1231,1231,12210.467794687636
1232,1232,9585.34043669892
1233,1233,14666.140852339671
1234,1234,11642.104626779976
1235,1235,12210.467794687636
1236,1236,9042.761966576822
1237,1237,11269.111902994406
1238,1238,12684.282662220674
1239,1239,11642.104626779976
1240,1240,9504.033208994011
1241,1241,9668.782435927107
1242,1242,11758.423186291562
1243,1243,15139.955719872709
1244,1244,12324.759249051616
1245,1245,12684.282662220674
1246,1246,12684.282662220674
1247,1247,9504.033208994011
1248,1248,11974.633199167312
1249,1249,11642.104626779976
1250,1250,14468.137021196366
1251,1251,13135.21494579266
1252,1252,11642.104626779976
1253,1253,12127.025795459449
1254,1254,15139.955719872709
1255,1255,11642.104626779976
1256,1256,11269.111902994406
1257,1257,12210.467794687636
1258,1258,11681.121187113378
1259,1259,11642.104626779976
1260,1260,11742.926770527443
1261,1261,14468.137021196366
1262,1262,15015.60365067824
1263,1263,11269.111902994406
1264,1264,11500.679179567425
1265,1265,10368.648541373655
1266,1266,14009.179085119213
1267,1267,9042.761966576822
1268,1268,12210.467794687636
1269,1269,12210.467794687636
1270,1270,9042.761966576822
1271,1271,15139.955719872709
1272,1272,11269.111902994406
1273,1273,12210.467794687636
1274,1274,11642.104626779976
1275,1275,11269.111902994406
1276,1276,12210.467794687636
1277,1277,11269.111902994406
1278,1278,11841.865185519753
1279,1279,17071.903118990555
1280,1280,11500.679179567425
1281,1281,9042.761966576822
1282,1282,8576.860907015496
1283,1283,11500.679179567425
1284,1284,12210.467794687636
1285,1285,12210.467794687636
1286,1286,11500.679179567425
1287,1287,11472.881540916347
1288,1288,11269.111902994406
1289,1289,11758.423186291562
1290,1290,12210.467794687636
1291,1291,10368.648541373655
1292,1292,11269.111902994406
1293,1293,14666.140852339671
1294,1294,11269.111902994406
1295,1295,11642.104626779976
1296,1296,11729.764672570382
1297,1297,11269.111902994406
1298,1298,12600.840662992487
1299,1299,11612.218215189361
1300,1300,10368.648541373655
1301,1301,9042.761966576822
1302,1302,9042.761966576822
1303,1303,11813.206671798569
1304,1304,12210.467794687636
1305,1305,14666.140852339671
1306,1306,9668.782435927107
1307,1307,11742.926770527443
1308,1308,12210.467794687636
1309,1309,9668.782435927107
1310,1310,11642.104626779976
1311,1311,9042.761966576822
1312,1312,15015.60365067824
1313,1313,15718.984164373282
1314,1314,9668.782435927107
1315,1315,11500.679179567425
1316,1316,10368.648541373655
1317,1317,12210.467794687636
1318,1318,9042.761966576822
1319,1319,11742.926770527443
1320,1320,11742.926770527443
1321,1321,11500.679179567425
1322,1322,12210.467794687636
1323,1323,9585.34043669892
1324,1324,9585.34043669892
1325,1325,9042.761966576822
1326,1326,12051.610097630803
1327,1327,11642.104626779976
1328,1328,12210.467794687636
1329,1329,10368.648541373655
1330,1330,11500.679179567425
1331,1331,9042.761966576822
1332,1332,14468.137021196366
1333,1333,12210.467794687636
1334,1334,12210.467794687636
1335,1335,15015.60365067824
1336,1336,9042.761966576822
1337,1337,15718.984164373282
1338,1338,9668.782435927107
1339,1339,14355.118453496407
1340,1340,12210.467794687636
1341,1341,15139.955719872709
1342,1342,14666.140852339671
1343,1343,10368.648541373655
1344,1344,11742.926770527443
1345,1345,9042.761966576822
1346,1346,11269.111902994406
1347,1347,11269.111902994406
1348,1348,9668.782435927107
1349,1349,9042.761966576822
1350,1350,11472.881540916347
1351,1351,11269.111902994406
1352,1352,12210.467794687636
1353,1353,10813.729971182907
1354,1354,9042.761966576822
1355,1355,16192.79903190632
1356,1356,12368.070395497896
1357,1357,11154.915977135235
1358,1358,11500.679179567425
1359,1359,10813.729971182907
1360,1360,9042.761966576822
1361,1361,11606.796947260047
1362,1362,9042.761966576822
1363,1363,10368.648541373655
1364,1364,9042.761966576822
1365,1365,11758.423186291562
1366,1366,10368.648541373655
1367,1367,11742.926770527443
1368,1368,9042.761966576822
1369,1369,14009.179085119213
1370,1370,13874.647388552625
1371,1371,9042.761966576822
1372,1372,10368.648541373655
1373,1373,12210.467794687636
1374,1374,15718.984164373282
1375,1375,12210.467794687636
1376,1376,9042.761966576822
1377,1377,11642.104626779976
1378,1378,11187.186202448283
1379,1379,14468.137021196366
1380,1380,14666.140852339671
1381,1381,15015.60365067824
1382,1382,17555.199011940233
1383,1383,9668.782435927107
1384,1384,11269.111902994406
1385,1385,11500.679179567425
1386,1386,10813.729971182907
1387,1387,12684.282662220674
1388,1388,12051.610097630803
1389,1389,14009.179085119213
1390,1390,9585.34043669892
1391,1391,10713.551167786885
1392,1392,12210.467794687636
1393,1393,12210.467794687636
1394,1394,9042.761966576822
1395,1395,11500.679179567425
1396,1396,11017.347910975273
1397,1397,12210.467794687636
1398,1398,10368.648541373655
1399,1399,9042.761966576822
1400,1400,18949.70310193152
1401,1401,10301.429048197948
1402,1402,9585.34043669892
1403,1403,11841.865185519753
1404,1404,12210.467794687636
1405,1405,11500.679179567425
1406,1406,12127.025795459449
1407,1407,10368.648541373655
1408,1408,12210.467794687636
1409,1409,12368.070395497896
1410,1410,14666.140852339671
1411,1411,11500.679179567425
1412,1412,16192.79903190632
1413,1413,11500.679179567425
1414,1414,12210.467794687636
1415,1415,12210.467794687636
1416,1416,11269.111902994406
1417,1417,11758.423186291562
1418,1418,11841.865185519753
1419,1419,9668.782435927107
1420,1420,11642.104626779976
1421,1421,9668.782435927107
1422,1422,12210.467794687636
1423,1423,9585.34043669892
1424,1424,9668.782435927107
1425,1425,18009.24965198202
1426,1426,12210.467794687636
1427,1427,11236.909677217258
1428,1428,11500.679179567425
1429,1429,11500.679179567425
1430,1430,12210.467794687636
1431,1431,12210.467794687636
1432,1432,11269.111902994406
1433,1433,9042.761966576822
1434,1434,12049.133423399862
1435,1435,11642.104626779976
1436,1436,9042.761966576822
1437,1437,9668.782435927107
1438,1438,10971.295174511026
1439,1439,12210.467794687636
1440,1440,17555.199011940233
1441,1441,9585.34043669892
1442,1442,11642.104626779976
1443,1443,9042.761966576822
1444,1444,11373.106925729495
1445,1445,9585.34043669892
1446,1446,9504.033208994011
1447,1447,11500.679179567425
1448,1448,12210.467794687636
1449,1449,9668.782435927107
1450,1450,12210.467794687636
1451,1451,14505.810832422088
1452,1452,11500.679179567425
1453,1453,12368.070395497896
1454,1454,11269.111902994406
1455,1455,12210.467794687636
1456,1456,9042.761966576822
1457,1457,15753.111540368902
1458,1458,9042.761966576822
1459,1459,15139.955719872709
1460,1460,12210.467794687636
1461,1461,11269.111902994406
1462,1462,11269.111902994406
1463,1463,11642.104626779976
1464,1464,11500.679179567425
1465,1465,9585.34043669892
1466,1466,11500.679179567425
1467,1467,11500.679179567425
1468,1468,12210.467794687636
1469,1469,11951.863671355617
1470,1470,11269.111902994406
1471,1471,11472.881540916347
1472,1472,9042.761966576822
1473,1473,12210.467794687636
1474,1474,15718.984164373282
1475,1475,10368.648541373655
1476,1476,17555.199011940233
1477,1477,10713.551167786885
1478,1478,14468.137021196366
1479,1479,15139.955719872709
1480,1480,9042.761966576822
1481,1481,12210.467794687636
1482,1482,9042.761966576822
1483,1483,15753.111540368902
1484,1484,9668.782435927107
1485,1485,9585.34043669892
1486,1486,9585.34043669892
1487,1487,11642.104626779976
1488,1488,11269.111902994406
1489,1489,11742.926770527443
1490,1490,15139.955719872709
1491,1491,11269.111902994406
1492,1492,12210.467794687636
1493,1493,11729.764672570382
1494,1494,12210.467794687636
1495,1495,10368.648541373655
1496,1496,12210.467794687636
1497,1497,12368.070395497896
1498,1498,14009.179085119213
1499,1499,9042.761966576822
1500,1500,13874.647388552625
1501,1501,18486.008532536984
1502,1502,11500.679179567425
1503,1503,11742.926770527443
1504,1504,15139.955719872709
1505,1505,9668.782435927107
1506,1506,16883.163790726154
1507,1507,11642.104626779976
1508,1508,12408.201248279807
1509,1509,11729.764672570382
1510,1510,12210.467794687636
1511,1511,15139.955719872709
1512,1512,11472.881540916347
1513,1513,17276.842512071158
1514,1514,11500.679179567425
1515,1515,12210.467794687636
1516,1516,12210.467794687636
1517,1517,9042.761966576822
1518,1518,9668.782435927107
1519,1519,9668.782435927107
1520,1520,11500.679179567425
1521,1521,16545.736441792425
1522,1522,9504.033208994011
1523,1523,9585.34043669892
1524,1524,11269.111902994406
1525,1525,9668.782435927107
1526,1526,11500.679179567425
1527,1527,11269.111902994406
1528,1528,12051.610097630803
1529,1529,11269.111902994406
1530,1530,10713.551167786885
1531,1531,12051.610097630803
1532,1532,12210.467794687636
1533,1533,17555.199011940233
1534,1534,12210.467794687636
1535,1535,11500.679179567425
1536,1536,15015.60365067824
1537,1537,14666.140852339671
1538,1538,12210.467794687636
1539,1539,11269.111902994406
1540,1540,11500.679179567425
1541,1541,10813.729971182907
1542,1542,15139.955719872709
1543,1543,12210.467794687636
1544,1544,11758.423186291562
1545,1545,9042.761966576822
1546,1546,12210.467794687636
1547,1547,11642.104626779976
1548,1548,11841.865185519753
1549,1549,18009.24965198202
1550,1550,11472.881540916347
1551,1551,10368.648541373655
1552,1552,12210.467794687636
1553,1553,9042.761966576822
1554,1554,15139.955719872709
1555,1555,15015.60365067824
1556,1556,15155.941673227673
1557,1557,11642.104626779976
1558,1558,12210.467794687636
1559,1559,9042.761966576822
1560,1560,14009.179085119213
1561,1561,12210.467794687636
1562,1562,11500.679179567425
1563,1563,9042.761966576822
1564,1564,11742.926770527443
1565,1565,11187.186202448283
1566,1566,10368.648541373655
1567,1567,16192.79903190632
1568,1568,10971.295174511026
1569,1569,12210.467794687636
1570,1570,9042.761966576822
1571,1571,9504.033208994011
1572,1572,10368.648541373655
1573,1573,9042.761966576822
1574,1574,11642.104626779976
1575,1575,11642.104626779976
1576,1576,12210.467794687636
1577,1577,11472.881540916347
1578,1578,12210.467794687636
1579,1579,17071.903118990555
1580,1580,10368.648541373655
1581,1581,9042.761966576822
1582,1582,14666.140852339671
1583,1583,9042.761966576822
1584,1584,9042.761966576822
1585,1585,9042.761966576822
1586,1586,9042.761966576822
1587,1587,9585.34043669892
1588,1588,10368.648541373655
1589,1589,12368.070395497896
1590,1590,11758.423186291562
1591,1591,12324.759249051616
1592,1592,9668.782435927107
1593,1593,15718.984164373282
1594,1594,11980.838957363536
1595,1595,11269.111902994406
1596,1596,11951.863671355617
1597,1597,9668.782435927107
1598,1598,12210.467794687636
1599,1599,9042.761966576822
1600,1600,9585.34043669892
1601,1601,9585.34043669892
1602,1602,14666.140852339671
1603,1603,14666.140852339671
1604,1604,11642.104626779976
1605,1605,12210.467794687636
1606,1606,12210.467794687636
1607,1607,18009.24965198202
1608,1608,12210.467794687636
1609,1609,11472.881540916347
1610,1610,11472.881540916347
1611,1611,11500.679179567425
1612,1612,11642.104626779976
1613,1613,9585.34043669892
1614,1614,15718.984164373282
1615,1615,10368.648541373655
1616,1616,12051.610097630803
1617,1617,10971.295174511026
1618,1618,9668.782435927107
1619,1619,11642.104626779976
1620,1620,11187.186202448283
1621,1621,10971.295174511026
1622,1622,11472.881540916347
1623,1623,14666.140852339671
1624,1624,10368.648541373655
1625,1625,12368.070395497896
1626,1626,9042.761966576822
1627,1627,11500.679179567425
1628,1628,9042.761966576822
1629,1629,9042.761966576822
1630,1630,9042.761966576822
1631,1631,15139.955719872709
1632,1632,11758.423186291562
1633,1633,11642.104626779976
1634,1634,12210.467794687636
1635,1635,11742.926770527443
1636,1636,11269.111902994406
1637,1637,12210.467794687636
1638,1638,9504.033208994011
1639,1639,14468.137021196366
1640,1640,11472.881540916347
1641,1641,11500.679179567425
1642,1642,11500.679179567425
1643,1643,11269.111902994406
1644,1644,12368.070395497896
1645,1645,11269.111902994406
1646,1646,12210.467794687636
1647,1647,11500.679179567425
1648,1648,9042.761966576822
1649,1649,9042.761966576822
1650,1650,11187.186202448283
1651,1651,11500.679179567425
1652,1652,9668.782435927107
1653,1653,11500.679179567425
1654,1654,11500.679179567425
1655,1655,14666.140852339671
1656,1656,11389.43954168816
1657,1657,9585.34043669892
1658,1658,11472.881540916347
1659,1659,9042.761966576822
1660,1660,11269.111902994406
1661,1661,11642.104626779976
1662,1662,15139.955719872709
1663,1663,10368.648541373655
1664,1664,12210.467794687636
1665,1665,12210.467794687636
1666,1666,12051.610097630803
1667,1667,11758.423186291562
1668,1668,11951.863671355617
1669,1669,11642.104626779976
1670,1670,10368.648541373655
1671,1671,10813.729971182907
1672,1672,11951.863671355617
1673,1673,9668.782435927107
1674,1674,9585.34043669892
1675,1675,12210.467794687636
1676,1676,12210.467794687636
1677,1677,14666.140852339671
1678,1678,11472.881540916347
1679,1679,12127.025795459449
1680,1680,11500.679179567425
1681,1681,16883.163790726154
1682,1682,15015.60365067824
1683,1683,9668.782435927107
1684,1684,9042.761966576822
1685,1685,11744.566735126307
1686,1686,15139.955719872709
1687,1687,11154.915977135235
1688,1688,11500.679179567425
1689,1689,15611.750478664
1690,1690,11472.881540916347
1691,1691,10368.648541373655
1692,1692,9668.782435927107
1693,1693,10368.648541373655
1694,1694,16192.79903190632
1695,1695,9668.782435927107
1696,1696,10301.429048197948
1697,1697,11500.679179567425
1698,1698,12210.467794687636
1699,1699,17555.199011940233
1700,1700,12210.467794687636
1701,1701,11642.104626779976
1702,1702,10713.551167786885
1703,1703,9042.761966576822
1704,1704,11642.104626779976
1705,1705,10368.648541373655
1706,1706,9042.761966576822
1707,1707,9042.761966576822
1708,1708,15718.984164373282
1709,1709,12210.467794687636
1710,1710,11642.104626779976
1711,1711,12684.282662220674
1712,1712,15075.178512388622
1713,1713,12210.467794687636
1714,1714,11500.679179567425
1715,1715,9668.782435927107
1716,1716,9042.761966576822
1717,1717,10368.648541373655
1718,1718,9042.761966576822
1719,1719,11500.679179567425
1720,1720,12368.070395497896
1721,1721,10301.429048197948
1722,1722,9042.761966576822
1723,1723,12210.467794687636
1724,1724,9668.782435927107
1725,1725,9668.782435927107
1726,1726,12210.467794687636
1727,1727,11642.104626779976
1728,1728,11269.111902994406
1729,1729,12210.467794687636
1730,1730,12127.025795459449
1731,1731,16192.79903190632
1732,1732,10368.648541373655
1733,1733,9042.761966576822
1734,1734,9042.761966576822
1735,1735,12210.467794687636
1736,1736,11642.104626779976
1737,1737,11269.111902994406
1738,1738,15139.955719872709
1739,1739,10368.648541373655
1740,1740,11187.186202448283
1741,1741,9668.782435927107
1742,1742,17276.842512071158
1743,1743,12210.467794687636
1744,1744,15015.60365067824
1745,1745,10301.429048197948
1746,1746,12127.025795459449
1747,1747,11472.881540916347
1748,1748,9668.782435927107
1749,1749,14009.179085119213
1750,1750,12210.467794687636
1751,1751,9042.761966576822
1752,1752,12210.467794687636
1753,1753,14009.179085119213
1754,1754,16545.736441792425
1755,1755,12210.467794687636
1756,1756,15015.60365067824
1757,1757,10368.648541373655
1758,1758,11744.566735126307
1759,1759,10785.93233253183
1760,1760,12210.467794687636
1761,1761,12210.467794687636
1762,1762,12210.467794687636
1763,1763,11017.347910975273
1764,1764,14666.140852339671
1765,1765,11500.679179567425
1766,1766,9585.34043669892
1767,1767,9042.761966576822
1768,1768,10368.648541373655
1769,1769,11500.679179567425
1770,1770,11642.104626779976
1771,1771,12210.467794687636
1772,1772,12127.025795459449
1773,1773,11500.679179567425
1774,1774,11729.764672570382
1775,1775,11269.111902994406
1776,1776,9668.782435927107
1777,1777,17276.842512071158
1778,1778,9585.34043669892
1779,1779,11500.679179567425
1780,1780,10368.648541373655
1781,1781,15139.955719872709
1782,1782,11500.679179567425
1783,1783,14355.118453496407
1784,1784,10368.648541373655
1785,1785,11525.561647729526
1786,1786,9585.34043669892
1787,1787,12127.025795459449
1788,1788,12210.467794687636
1789,1789,11642.104626779976
1790,1790,16883.163790726154
1791,1791,9585.34043669892
1792,1792,14009.179085119213
1793,1793,12210.467794687636
1794,1794,11758.423186291562
1795,1795,9668.782435927107
1796,1796,11500.679179567425
1797,1797,11269.111902994406
1798,1798,14666.140852339671
1799,1799,9668.782435927107
1800,1800,10368.648541373655
1801,1801,11500.679179567425
1802,1802,11841.865185519753
1803,1803,10368.648541373655
1804,1804,12210.467794687636
1805,1805,15587.639810454795
1806,1806,14666.140852339671
1807,1807,9042.761966576822
1808,1808,12368.070395497896
1809,1809,12210.467794687636
1810,1810,12210.467794687636
1811,1811,11154.915977135235
1812,1812,12210.467794687636
1813,1813,11269.111902994406
1814,1814,9668.782435927107
1815,1815,11472.881540916347
1816,1816,12210.467794687636
1817,1817,15139.955719872709
1818,1818,12210.467794687636
1819,1819,11758.423186291562
1820,1820,11740.94317763676
1821,1821,12368.070395497896
1822,1822,12210.467794687636
1823,1823,11500.679179567425
1824,1824,12210.467794687636
1825,1825,15753.111540368902
1826,1826,11730.383145411595
1827,1827,16281.776338945183
1828,1828,11500.679179567425
1829,1829,17221.569293600503
1830,1830,11642.104626779976
1831,1831,9668.782435927107
1832,1832,10813.729971182907
1833,1833,16545.736441792425
1834,1834,11472.881540916347
1835,1835,11642.104626779976
1836,1836,11841.865185519753
1837,1837,12324.759249051616
1838,1838,11154.915977135235
1839,1839,12210.467794687636
1840,1840,9668.782435927107
1841,1841,11742.926770527443
1842,1842,11187.290318078558
1843,1843,11740.94317763676
1844,1844,17638.641011168424
1845,1845,9042.761966576822
1846,1846,11472.881540916347
1847,1847,9668.782435927107
1848,1848,12210.467794687636
1849,1849,9042.761966576822
1850,1850,11642.104626779976
1851,1851,15139.955719872709
1852,1852,15075.178512388622
1853,1853,9585.34043669892
1854,1854,11500.679179567425
1855,1855,16883.163790726154
1856,1856,11236.909677217258
1857,1857,10368.648541373655
1858,1858,12210.467794687636
1859,1859,12210.467794687636
1860,1860,9042.761966576822
1861,1861,13874.647388552625
1862,1862,11500.679179567425
1863,1863,12210.467794687636
1864,1864,11071.473977907044
1865,1865,12368.070395497896
1866,1866,12210.467794687636
1867,1867,9042.761966576822
1868,1868,11472.881540916347
1869,1869,11269.111902994406
1870,1870,11500.679179567425
1871,1871,11841.865185519753
1872,1872,11500.679179567425
1873,1873,11500.679179567425
1874,1874,11500.679179567425
1875,1875,10713.551167786885
1876,1876,15587.639810454795
1877,1877,12210.467794687636
1878,1878,12210.467794687636
1879,1879,15718.984164373282
1880,1880,9042.761966576822
1881,1881,16545.736441792425
1882,1882,10368.648541373655
1883,1883,10368.648541373655
1884,1884,12127.025795459449
1885,1885,10368.648541373655
1886,1886,12210.467794687636
1887,1887,10368.648541373655
1888,1888,15587.639810454795
1889,1889,15015.60365067824
1890,1890,12684.282662220674
1891,1891,15015.60365067824
1892,1892,12408.201248279807
1893,1893,11642.104626779976
1894,1894,11269.111902994406
1895,1895,11642.104626779976
1896,1896,11642.104626779976
1897,1897,14666.140852339671
1898,1898,12210.467794687636
1899,1899,12210.467794687636
1900,1900,9585.34043669892
1901,1901,9668.782435927107
1902,1902,11269.111902994406
1903,1903,15139.955719872709
1904,1904,9668.782435927107
1905,1905,9668.782435927107
1906,1906,16545.736441792425
1907,1907,12051.610097630803
1908,1908,12210.467794687636
1909,1909,10368.648541373655
1910,1910,11472.881540916347
1911,1911,12210.467794687636
1912,1912,9504.033208994011
1913,1913,9668.782435927107
1914,1914,11472.881540916347
1915,1915,12600.840662992487
1916,1916,12049.133423399862
1917,1917,12210.467794687636
1918,1918,15139.955719872709
1919,1919,9585.34043669892
1920,1920,9042.761966576822
1921,1921,18486.008532536984
1922,1922,9668.782435927107
1923,1923,11742.926770527443
1924,1924,12210.467794687636
1925,1925,12210.467794687636
1926,1926,12210.467794687636
1927,1927,11642.104626779976
1928,1928,17555.199011940233
1929,1929,15139.955719872709
1930,1930,9668.782435927107
1931,1931,11236.909677217258
1932,1932,9042.761966576822
1933,1933,12210.467794687636
1934,1934,12210.467794687636
1935,1935,9042.761966576822
1936,1936,11500.679179567425
1937,1937,9042.761966576822
1938,1938,12210.467794687636
1939,1939,10368.648541373655
1940,1940,9042.761966576822
1941,1941,9042.761966576822
1942,1942,17276.842512071158
1943,1943,9668.782435927107
1944,1944,17221.569293600503
1945,1945,14666.140852339671
1946,1946,11500.679179567425
1947,1947,11269.111902994406
1948,1948,10368.648541373655
1949,1949,12210.467794687636
1950,1950,17638.641011168424
1951,1951,9042.761966576822
1952,1952,12210.467794687636
1953,1953,11742.926770527443
1954,1954,12684.282662220674
1955,1955,14666.140852339671
1956,1956,11472.881540916347
1957,1957,9042.761966576822
1958,1958,12127.025795459449
1959,1959,12210.467794687636
1960,1960,11500.679179567425
1961,1961,11269.111902994406
1962,1962,12210.467794687636
1963,1963,9668.782435927107
1964,1964,9585.34043669892
1965,1965,12210.467794687636
1966,1966,11500.679179567425
1967,1967,12210.467794687636
1968,1968,12210.467794687636
1969,1969,12210.467794687636
1970,1970,11744.566735126307
1971,1971,12451.512394726084
1972,1972,9668.782435927107
1973,1973,15587.639810454795
1974,1974,12368.070395497896
1975,1975,15587.639810454795
1976,1976,12127.025795459449
1977,1977,9585.34043669892
1978,1978,12210.467794687636
1979,1979,9042.761966576822
1980,1980,15960.028764411729
1981,1981,9668.782435927107
1982,1982,12368.070395497896
1983,1983,12210.467794687636
1984,1984,11758.423186291562
1985,1985,18486.008532536984
1986,1986,12210.467794687636
1987,1987,18949.70310193152
1988,1988,11742.926770527443
1989,1989,11642.104626779976
1990,1990,11500.679179567425
1991,1991,9042.761966576822
1992,1992,16249.644656367947
1993,1993,14666.140852339671
1994,1994,9042.761966576822
1995,1995,9042.761966576822
1996,1996,9585.34043669892
1997,1997,11841.865185519753
1998,1998,11500.679179567425
1999,1999,9042.761966576822
2000,2000,11500.679179567425
2001,2001,11742.926770527443
2002,2002,15015.60365067824
2003,2003,11730.383145411595
2004,2004,16498.19961451851
2005,2005,10713.551167786885
2006,2006,11187.186202448283
2007,2007,14666.140852339671
2008,2008,12210.467794687636
2009,2009,9042.761966576822
2010,2010,12210.467794687636
2011,2011,12210.467794687636
2012,2012,11500.679179567425
2013,2013,9585.34043669892
2014,2014,10813.729971182907
2015,2015,11269.111902994406
2016,2016,11500.679179567425
2017,2017,11500.679179567425
2018,2018,12210.467794687636
2019,2019,11813.825144639783
2020,2020,18009.24965198202
2021,2021,15487.398409469532
2022,2022,11236.909677217258
2023,2023,9504.033208994011
2024,2024,12210.467794687636
2025,2025,16281.776338945183
2026,2026,11841.865185519753
2027,2027,12210.467794687636
2028,2028,11500.679179567425
2029,2029,9042.761966576822
2030,2030,9585.34043669892
2031,2031,10368.648541373655
2032,2032,10368.648541373655
2033,2033,9668.782435927107
2034,2034,12368.070395497896
2035,2035,11500.679179567425
2036,2036,12127.025795459449
2037,2037,12127.025795459449
2038,2038,11500.679179567425
2039,2039,15139.955719872709
2040,2040,15139.955719872709
2041,2041,12210.467794687636
2042,2042,17071.903118990555
2043,2043,12210.467794687636
2044,2044,11642.104626779976
2045,2045,12210.467794687636
2046,2046,9042.761966576822
2047,2047,11500.679179567425
2048,2048,12684.282662220674
2049,2049,12210.467794687636
2050,2050,9585.34043669892
2051,2051,12368.070395497896
2052,2052,11742.926770527443
2053,2053,11841.865185519753
2054,2054,9585.34043669892
2055,2055,11269.111902994406
2056,2056,11758.423186291562
2057,2057,12210.467794687636
2058,2058,10368.648541373655
2059,2059,15139.955719872709
2060,2060,9042.761966576822
2061,2061,11472.881540916347
2062,2062,10368.648541373655
2063,2063,11071.473977907044
2064,2064,14666.140852339671
2065,2065,15718.984164373282
2066,2066,12210.467794687636
2067,2067,11500.679179567425
2068,2068,10368.648541373655
2069,2069,11678.149563043356
2070,2070,9202.881376365778
2071,2071,11269.111902994406
2072,2072,11269.111902994406
2073,2073,10368.648541373655
2074,2074,11500.679179567425
2075,2075,12210.467794687636
2076,2076,10368.648541373655
2077,2077,15015.60365067824
2078,2078,11642.104626779976
2079,2079,11500.679179567425
2080,2080,9042.761966576822
2081,2081,9042.761966576822
2082,2082,12210.467794687636
2083,2083,15139.955719872709
2084,2084,11500.679179567425
2085,2085,11154.915977135235
2086,2086,15139.955719872709
2087,2087,9668.782435927107
2088,2088,9042.761966576822
2089,2089,9585.34043669892
2090,2090,18486.008532536984
2091,2091,11744.566735126307
2092,2092,10368.648541373655
2093,2093,9042.761966576822
2094,2094,12368.070395497896
2095,2095,14666.140852339671
2096,2096,11841.865185519753
2097,2097,11500.679179567425
2098,2098,9042.761966576822
2099,2099,11472.881540916347
2100,2100,11472.881540916347
2101,2101,11525.561647729526
2102,2102,11500.679179567425
2103,2103,11642.104626779976
2104,2104,10368.648541373655
2105,2105,11500.679179567425
2106,2106,12210.467794687636
2107,2107,16883.163790726154
2108,2108,10368.648541373655
2109,2109,14666.140852339671
2110,2110,9668.782435927107
2111,2111,12210.467794687636
2112,2112,11642.104626779976
2113,2113,12210.467794687636
2114,2114,15139.955719872709
2115,2115,14468.137021196366
2116,2116,9042.761966576822
2117,2117,9042.761966576822
2118,2118,11500.679179567425
2119,2119,11269.111902994406
2120,2120,9668.782435927107
2121,2121,12684.282662220674
2122,2122,17555.199011940233
2123,2123,11642.104626779976
2124,2124,11116.290390267346
2125,2125,14666.140852339671
2126,2126,14666.140852339671
2127,2127,12600.840662992487
2128,2128,11500.679179567425
2129,2129,10368.648541373655
2130,2130,9504.033208994011
2131,2131,9042.761966576822
2132,2132,11758.423186291562
2133,2133,12210.467794687636
2134,2134,11681.121187113378
2135,2135,9668.782435927107
2136,2136,11187.186202448283
2137,2137,16281.776338945183
2138,2138,17638.641011168424
2139,2139,11269.111902994406
2140,2140,9042.761966576822
2141,2141,10368.648541373655
2142,2142,9668.782435927107
2143,2143,11500.679179567425
2144,2144,11269.111902994406
2145,2145,12684.282662220674
2146,2146,12368.070395497896
2147,2147,12600.840662992487
2148,2148,9042.761966576822
2149,2149,12210.467794687636
2150,2150,10713.551167786885
2151,2151,12210.467794687636
2152,2152,11500.679179567425
2153,2153,10368.648541373655
2154,2154,11071.473977907044
2155,2155,12049.133423399862
2156,2156,9042.761966576822
2157,2157,11758.423186291562
2158,2158,15718.984164373282
2159,2159,11269.111902994406
2160,2160,11729.764672570382
2161,2161,12210.467794687636
2162,2162,11744.566735126307
2163,2163,9668.782435927107
2164,2164,12210.467794687636
2165,2165,11500.679179567425
2166,2166,12210.467794687636
2167,2167,14666.140852339671
2168,2168,12210.467794687636
2169,2169,10368.648541373655
2170,2170,12210.467794687636
2171,2171,14666.140852339671
2172,2172,17555.199011940233
2173,2173,9668.782435927107
2174,2174,12210.467794687636
2175,2175,9668.782435927107
2176,2176,11642.104626779976
2177,2177,11269.111902994406
2178,2178,9668.782435927107
2179,2179,12210.467794687636
2180,2180,11500.679179567425
2181,2181,11813.206671798569
2182,2182,14666.140852339671
2183,2183,11269.111902994406
2184,2184,12684.282662220674
2185,2185,12210.467794687636
2186,2186,12210.467794687636
2187,2187,12210.467794687636
2188,2188,12210.467794687636
2189,2189,9668.782435927107
2190,2190,12210.467794687636
2191,2191,9585.34043669892
2192,2192,11758.423186291562
2193,2193,9042.761966576822
2194,2194,15139.955719872709
2195,2195,14009.179085119213
2196,2196,9668.782435927107
2197,2197,10368.648541373655
2198,2198,11729.764672570382
2199,2199,10368.648541373655
2200,2200,9668.782435927107
2201,2201,11269.111902994406
2202,2202,12210.467794687636
2203,2203,12210.467794687636
2204,2204,10368.648541373655
2205,2205,11642.104626779976
2206,2206,11980.838957363536
2207,2207,11269.111902994406
2208,2208,9585.34043669892
2209,2209,16192.79903190632
2210,2210,12368.070395497896
2211,2211,12210.467794687636
2212,2212,9042.761966576822
2213,2213,11500.679179567425
2214,2214,11269.111902994406
2215,2215,12127.025795459449
2216,2216,11269.111902994406
2217,2217,9504.033208994011
2218,2218,10813.729971182907
2219,2219,12210.467794687636
2220,2220,12210.467794687636
2221,2221,12210.467794687636
2222,2222,9042.761966576822
2223,2223,9668.782435927107
2224,2224,9585.34043669892
2225,2225,12210.467794687636
2226,2226,11269.111902994406
2227,2227,11269.111902994406
2228,2228,12210.467794687636
2229,2229,14355.118453496407
2230,2230,15718.984164373282
2231,2231,12210.467794687636
2232,2232,15139.955719872709
2233,2233,11500.679179567425
2234,2234,11744.566735126307
2235,2235,12684.282662220674
2236,2236,12210.467794687636
2237,2237,11269.111902994406
2238,2238,12368.070395497896
2239,2239,12684.282662220674
2240,2240,12210.467794687636
2241,2241,14666.140852339671
2242,2242,9668.782435927107
2243,2243,11500.679179567425
2244,2244,10301.429048197948
2245,2245,9042.761966576822
2246,2246,14009.179085119213
2247,2247,9585.34043669892
2248,2248,9042.761966576822
2249,2249,12368.070395497896
2250,2250,12210.467794687636
2251,2251,15587.639810454795
2252,2252,15718.984164373282
2253,2253,9042.761966576822
2254,2254,12210.467794687636
2255,2255,10368.648541373655
2256,2256,10813.729971182907
2257,2257,9668.782435927107
2258,2258,9668.782435927107
2259,2259,14666.140852339671
2260,2260,10813.729971182907
2261,2261,12210.467794687636
2262,2262,10301.429048197948
2263,2263,10368.648541373655
2264,2264,9042.761966576822
2265,2265,9042.761966576822
2266,2266,12368.070395497896
2267,2267,14468.137021196366
2268,2268,11500.679179567425
2269,2269,7955.59119323797
2270,2270,14468.137021196366
2271,2271,12210.467794687636
2272,2272,15718.984164373282
2273,2273,15718.984164373282
2274,2274,17276.842512071158
2275,2275,9042.761966576822
2276,2276,9042.761966576822
2277,2277,11500.679179567425
2278,2278,11642.104626779976
2279,2279,11500.679179567425
2280,2280,11729.764672570382
2281,2281,11758.423186291562
2282,2282,15139.955719872709
2283,2283,18009.24965198202
2284,2284,11841.865185519753
2285,2285,12210.467794687636
2286,2286,12210.467794687636
2287,2287,10368.648541373655
2288,2288,11187.186202448283
2289,2289,15718.984164373282
2290,2290,11742.926770527443
2291,2291,11642.104626779976
2292,2292,12324.759249051616
2293,2293,12397.707056102
2294,2294,9042.761966576822
2295,2295,11500.679179567425
2296,2296,12210.467794687636
2297,2297,11841.865185519753
2298,2298,11472.881540916347
2299,2299,9042.761966576822
2300,2300,15718.984164373282
2301,2301,12210.467794687636
2302,2302,11744.566735126307
2303,2303,11500.679179567425
2304,2304,9668.782435927107
2305,2305,11373.106925729495
2306,2306,12210.467794687636
2307,2307,11813.206671798569
2308,2308,12397.707056102
2309,2309,14355.118453496407
2310,2310,14666.140852339671
2311,2311,10368.648541373655
2312,2312,9668.782435927107
2313,2313,11744.566735126307
2314,2314,14666.140852339671
2315,2315,14666.140852339671
2316,2316,16545.736441792425
2317,2317,12368.070395497896
2318,2318,11269.111902994406
2319,2319,11642.104626779976
2320,2320,12210.467794687636
2321,2321,12684.282662220674
2322,2322,11500.679179567425
2323,2323,15139.955719872709
2324,2324,14666.140852339671
2325,2325,9504.033208994011
2326,2326,15139.955719872709
2327,2327,12408.201248279807
2328,2328,14666.140852339671
2329,2329,11729.764672570382
2330,2330,12210.467794687636
2331,2331,11269.111902994406
2332,2332,11269.111902994406
2333,2333,12210.467794687636
2334,2334,9042.761966576822
2335,2335,11500.679179567425
2336,2336,12210.467794687636
2337,2337,12210.467794687636
2338,2338,12051.610097630803
2339,2339,11472.881540916347
2340,2340,9042.761966576822
2341,2341,11269.111902994406
2342,2342,18486.008532536984
2343,2343,10301.429048197948
2344,2344,11841.865185519753
2345,2345,11500.679179567425
2346,2346,12210.467794687636
2347,2347,9693.65861393243
2348,2348,9042.761966576822
2349,2349,11951.863671355617
2350,2350,11154.915977135235
2351,2351,12210.467794687636
2352,2352,12210.467794687636
2353,2353,11500.679179567425
2354,2354,9668.782435927107
2355,2355,12210.467794687636
2356,2356,9119.43937713759
2357,2357,10368.648541373655
2358,2358,11841.865185519753
2359,2359,13874.647388552625
2360,2360,11269.111902994406
2361,2361,16883.163790726154
2362,2362,12210.467794687636
2363,2363,9042.761966576822
2364,2364,16545.736441792425
2365,2365,9042.761966576822
2366,2366,15139.955719872709
2367,2367,15139.955719872709
2368,2368,12368.070395497896
2369,2369,9504.033208994011
2370,2370,11500.679179567425
2371,2371,11071.473977907044
2372,2372,11269.111902994406
2373,2373,9042.761966576822
2374,2374,9042.761966576822
2375,2375,12210.467794687636
2376,2376,11269.111902994406
2377,2377,17221.569293600503
2378,2378,12127.025795459449
2379,2379,16192.79903190632
2380,2380,11373.106925729495
2381,2381,11500.679179567425
2382,2382,12368.070395497896
2383,2383,11071.473977907044
2384,2384,11606.796947260047
2385,2385,9668.782435927107
2386,2386,11742.926770527443
2387,2387,11236.909677217258
2388,2388,9042.761966576822
2389,2389,9042.761966576822
2390,2390,11642.104626779976
2391,2391,11269.111902994406
2392,2392,9668.782435927107
2393,2393,12210.467794687636
2394,2394,11841.865185519753
2395,2395,12049.133423399862
2396,2396,12600.840662992487
2397,2397,9042.761966576822
2398,2398,10368.648541373655
2399,2399,12127.025795459449
2400,2400,14666.140852339671
2401,2401,11269.111902994406
2402,2402,15753.111540368902
2403,2403,11500.679179567425
2404,2404,11742.926770527443
2405,2405,10368.648541373655
2406,2406,9668.782435927107
2407,2407,15718.984164373282
2408,2408,9668.782435927107
2409,2409,11841.865185519753
2410,2410,12210.467794687636
2411,2411,9668.782435927107
2412,2412,9042.761966576822
2413,2413,10368.648541373655
2414,2414,12210.467794687636
2415,2415,9504.033208994011
2416,2416,15578.227428491882
2417,2417,11500.679179567425
2418,2418,12210.467794687636
2419,2419,18949.70310193152
2420,2420,9042.761966576822
2421,2421,9585.34043669892
2422,2422,14826.913212287698
2423,2423,9668.782435927107
2424,2424,15139.955719872709
2425,2425,12210.467794687636
2426,2426,11472.881540916347
2427,2427,12368.070395497896
2428,2428,11269.111902994406
2429,2429,11269.111902994406
2430,2430,11017.347910975273
2431,2431,11813.206671798569
2432,2432,12684.282662220674
2433,2433,9668.782435927107
2434,2434,11758.423186291562
2435,2435,11525.561647729526
2436,2436,11236.909677217258
2437,2437,9668.782435927107
2438,2438,11841.865185519753
2439,2439,11500.679179567425
2440,2440,15587.639810454795
2441,2441,11500.679179567425
2442,2442,12652.019730817097
2443,2443,16545.736441792425
2444,2444,11472.881540916347
2445,2445,15753.111540368902
2446,2446,11236.909677217258
2447,2447,11500.679179567425
2448,2448,14009.179085119213
2449,2449,11269.111902994406
2450,2450,18009.24965198202
2451,2451,11841.865185519753
2452,2452,11500.679179567425
2453,2453,12451.512394726084
2454,2454,11729.764672570382
2455,2455,12210.467794687636
2456,2456,9585.34043669892
2457,2457,11500.679179567425
2458,2458,12210.467794687636
2459,2459,11500.679179567425
2460,2460,9042.761966576822
2461,2461,12210.467794687636
2462,2462,15075.178512388622
2463,2463,12049.133423399862
2464,2464,12210.467794687636
2465,2465,12210.467794687636
2466,2466,14666.140852339671
2467,2467,11500.679179567425
2468,2468,11500.679179567425
2469,2469,9042.761966576822
2470,2470,12210.467794687636
2471,2471,12684.282662220674
2472,2472,14666.140852339671
2473,2473,12210.467794687636
2474,2474,9504.033208994011
2475,2475,12684.282662220674
2476,2476,11472.881540916347
2477,2477,11236.909677217258
2478,2478,14666.140852339671
2479,2479,11269.111902994406
2480,2480,11841.865185519753
2481,2481,9668.782435927107
2482,2482,11500.679179567425
2483,2483,10368.648541373655
2484,2484,12210.467794687636
2485,2485,11500.679179567425
2486,2486,14666.140852339671
2487,2487,14995.138609673393
2488,2488,11642.104626779976
2489,2489,11642.104626779976
2490,2490,11269.111902994406
2491,2491,18009.24965198202
2492,2492,14666.140852339671
2493,2493,11742.926770527443
2494,2494,15015.60365067824
2495,2495,9585.34043669892
2496,2496,11642.104626779976
2497,2497,12051.610097630803
2498,2498,11269.111902994406
2499,2499,12684.282662220674
2500,2500,11500.679179567425
2501,2501,10368.648541373655
2502,2502,12210.467794687636
2503,2503,9042.761966576822
2504,2504,12368.070395497896
2505,2505,10368.648541373655
2506,2506,11841.865185519753
2507,2507,12210.467794687636
2508,2508,9042.761966576822
2509,2509,15139.955719872709
2510,2510,11841.865185519753
2511,2511,15015.60365067824
2512,2512,11500.679179567425
2513,2513,11269.111902994406
2514,2514,11373.106925729495
2515,2515,12210.467794687636
2516,2516,12210.467794687636
2517,2517,9668.782435927107
2518,2518,12210.467794687636
2519,2519,11472.881540916347
2520,2520,12127.025795459449
2521,2521,11269.111902994406
2522,2522,9585.34043669892
2523,2523,14666.140852339671
2524,2524,12210.467794687636
2525,2525,12210.467794687636
2526,2526,10368.648541373655
2527,2527,14666.140852339671
2528,2528,9585.34043669892
2529,2529,15139.955719872709
2530,2530,12397.707056102
2531,2531,11742.926770527443
2532,2532,11236.909677217258
2533,2533,12210.467794687636
2534,2534,7955.59119323797
2535,2535,10813.729971182907
2536,2536,15139.955719872709
2537,2537,12210.467794687636
2538,2538,11187.186202448283
2539,2539,11681.121187113378
2540,2540,12210.467794687636
2541,2541,12210.467794687636
2542,2542,12210.467794687636
2543,2543,11500.679179567425
2544,2544,12368.070395497896
2545,2545,9042.761966576822
2546,2546,12127.025795459449
2547,2547,12210.467794687636
2548,2548,12368.070395497896
2549,2549,12210.467794687636
2550,2550,11500.679179567425
2551,2551,9585.34043669892
2552,2552,11500.679179567425
2553,2553,15718.984164373282
2554,2554,12368.070395497896
2555,2555,11236.909677217258
2556,2556,12397.707056102
2557,2557,16281.776338945183
2558,2558,11472.881540916347
2559,2559,10368.648541373655
2560,2560,11642.104626779976
2561,2561,9042.761966576822
2562,2562,11269.111902994406
2563,2563,11813.206671798569
2564,2564,11642.104626779976
2565,2565,11500.679179567425
2566,2566,11500.679179567425
2567,2567,11236.909677217258
2568,2568,15718.984164373282
2569,2569,11841.865185519753
2570,2570,11236.909677217258
2571,2571,9668.782435927107
2572,2572,17555.199011940233
2573,2573,12210.467794687636
2574,2574,11642.104626779976
2575,2575,11269.111902994406
2576,2576,17555.199011940233
2577,2577,12210.467794687636
2578,2578,17498.362650086816
2579,2579,12210.467794687636
2580,2580,9585.34043669892
2581,2581,11472.881540916347
2582,2582,15015.60365067824
2583,2583,11758.423186291562
2584,2584,9504.033208994011
2585,2585,14009.179085119213
2586,2586,15718.984164373282
2587,2587,11642.104626779976
2588,2588,12600.840662992487
2589,2589,15587.639810454795
2590,2590,9585.34043669892
2591,2591,12210.467794687636
2592,2592,10785.93233253183
2593,2593,12210.467794687636
2594,2594,9042.761966576822
2595,2595,9504.033208994011
2596,2596,12324.759249051616
2597,2597,10713.551167786885
2598,2598,12210.467794687636
2599,2599,12210.467794687636
2600,2600,11742.926770527443
2601,2601,11758.423186291562
2602,2602,15718.984164373282
2603,2603,11642.104626779976
2604,2604,12210.467794687636
2605,2605,12210.467794687636
2606,2606,12210.467794687636
2607,2607,12210.467794687636
2608,2608,11500.679179567425
2609,2609,10368.648541373655
2610,2610,12368.070395497896
2611,2611,11642.104626779976
2612,2612,12210.467794687636
2613,2613,9504.033208994011
2614,2614,11500.679179567425
2615,2615,14355.118453496407
2616,2616,12368.070395497896
2617,2617,11730.383145411595
2618,2618,9042.761966576822
2619,2619,9668.782435927107
2620,2620,9668.782435927107
2621,2621,11500.679179567425
2622,2622,11500.679179567425
2623,2623,11742.926770527443
2624,2624,12051.610097630803
2625,2625,10813.729971182907
2626,2626,10813.729971182907
2627,2627,11742.926770527443
2628,2628,11642.104626779976
2629,2629,9504.033208994011
2630,2630,12210.467794687636
2631,2631,11642.104626779976
2632,2632,10368.648541373655
2633,2633,9585.34043669892
2634,2634,9668.782435927107
2635,2635,12210.467794687636
2636,2636,11841.865185519753
2637,2637,11500.679179567425
2638,2638,12210.467794687636
2639,2639,12435.380867327722
2640,2640,11500.679179567425
2641,2641,11642.104626779976
2642,2642,11269.111902994406
2643,2643,15139.955719872709
2644,2644,12210.467794687636
2645,2645,11472.881540916347
2646,2646,14009.179085119213
2647,2647,15015.60365067824
2648,2648,11730.383145411595
2649,2649,11500.679179567425
2650,2650,15015.60365067824
2651,2651,9668.782435927107
2652,2652,11472.881540916347
2653,2653,9668.782435927107
2654,2654,11742.926770527443
2655,2655,12210.467794687636
2656,2656,9042.761966576822
2657,2657,12210.467794687636
2658,2658,11269.111902994406
2659,2659,15718.984164373282
2661,2661,14009.179085119213
2662,2662,11236.909677217258
2663,2663,8576.860907015496
2664,2664,11642.104626779976
2665,2665,10301.429048197948
2666,2666,11187.186202448283
2667,2667,9585.34043669892
2668,2668,11269.111902994406
2669,2669,12684.282662220674
2670,2670,12210.467794687636
